Model,Accuracy,Bias,Variance
Logistic Regression,0.8191666666666667,0.807875,0.8191666666666667
KNN,0.7893333333333333,0.843125,0.7893333333333333
SVM (Linear),0.8175,0.8069583333333333,0.8175
